Product_Key,Product_Item_Code,Product_Name,Product_Category,Sub_Category
1,AR-5381,Adjustable Race,Miscellaneous,Miscellaneous
2,BA-8327,Bearing Ball,Miscellaneous,Miscellaneous
3,BE-2349,BB Ball Bearing,Miscellaneous,Miscellaneous
4,BE-2908,Headset Ball Bearings,Miscellaneous,Miscellaneous
5,BL-2036,Blade,Miscellaneous,Miscellaneous
6,CA-5965,LL Crankarm,Miscellaneous,Miscellaneous
7,CA-6738,ML Crankarm,Miscellaneous,Miscellaneous
8,CA-7457,HL Crankarm,Miscellaneous,Miscellaneous
9,CB-2903,Chainring Bolts,Miscellaneous,Miscellaneous
10,CN-6137,Chainring Nut,Miscellaneous,Miscellaneous
11,CR-7833,Chainring,Miscellaneous,Miscellaneous
12,CR-9981,Crown Race,Miscellaneous,Miscellaneous
13,CS-2812,Chain Stays,Miscellaneous,Miscellaneous
14,DC-8732,Decal 1,Miscellaneous,Miscellaneous
15,DC-9824,Decal 2,Miscellaneous,Miscellaneous
16,DT-2377,Down Tube,Miscellaneous,Miscellaneous
17,EC-M092,Mountain End Caps,Miscellaneous,Miscellaneous
18,EC-R098,Road End Caps,Miscellaneous,Miscellaneous
19,EC-T209,Touring End Caps,Miscellaneous,Miscellaneous
20,FE-3760,Fork End,Miscellaneous,Miscellaneous
21,FH-2981,Freewheel,Miscellaneous,Miscellaneous
22,FW-1000,Flat Washer 1,Miscellaneous,Miscellaneous
23,FW-1200,Flat Washer 6,Miscellaneous,Miscellaneous
24,FW-1400,Flat Washer 2,Miscellaneous,Miscellaneous
25,FW-3400,Flat Washer 9,Miscellaneous,Miscellaneous
26,FW-3800,Flat Washer 4,Miscellaneous,Miscellaneous
27,FW-5160,Flat Washer 3,Miscellaneous,Miscellaneous
28,FW-5800,Flat Washer 8,Miscellaneous,Miscellaneous
29,FW-7160,Flat Washer 5,Miscellaneous,Miscellaneous
30,FW-9160,Flat Washer 7,Miscellaneous,Miscellaneous
31,FC-3654,Fork Crown,Miscellaneous,Miscellaneous
32,FC-3982,Front Derailleur Cage,Miscellaneous,Miscellaneous
33,FL-2301,Front Derailleur Linkage,Miscellaneous,Miscellaneous
34,GP-0982,Guide Pulley,Miscellaneous,Miscellaneous
35,GT-0820,LL Grip Tape,Miscellaneous,Miscellaneous
36,GT-1209,ML Grip Tape,Miscellaneous,Miscellaneous
37,GT-2908,HL Grip Tape,Miscellaneous,Miscellaneous
38,HJ-1213,Thin-Jam Hex Nut 9,Miscellaneous,Miscellaneous
39,HJ-1220,Thin-Jam Hex Nut 10,Miscellaneous,Miscellaneous
40,HJ-1420,Thin-Jam Hex Nut 1,Miscellaneous,Miscellaneous
41,HJ-1428,Thin-Jam Hex Nut 2,Miscellaneous,Miscellaneous
42,HJ-3410,Thin-Jam Hex Nut 15,Miscellaneous,Miscellaneous
43,HJ-3416,Thin-Jam Hex Nut 16,Miscellaneous,Miscellaneous
44,HJ-3816,Thin-Jam Hex Nut 5,Miscellaneous,Miscellaneous
45,HJ-3824,Thin-Jam Hex Nut 6,Miscellaneous,Miscellaneous
46,HJ-5161,Thin-Jam Hex Nut 3,Miscellaneous,Miscellaneous
47,HJ-5162,Thin-Jam Hex Nut 4,Miscellaneous,Miscellaneous
48,HJ-5811,Thin-Jam Hex Nut 13,Miscellaneous,Miscellaneous
49,HJ-5818,Thin-Jam Hex Nut 14,Miscellaneous,Miscellaneous
50,HJ-7161,Thin-Jam Hex Nut 7,Miscellaneous,Miscellaneous
51,HJ-7162,Thin-Jam Hex Nut 8,Miscellaneous,Miscellaneous
52,HJ-9080,Thin-Jam Hex Nut 12,Miscellaneous,Miscellaneous
53,HJ-9161,Thin-Jam Hex Nut 11,Miscellaneous,Miscellaneous
54,HN-1024,Hex Nut 5,Miscellaneous,Miscellaneous
55,HN-1032,Hex Nut 6,Miscellaneous,Miscellaneous
56,HN-1213,Hex Nut 16,Miscellaneous,Miscellaneous
57,HN-1220,Hex Nut 17,Miscellaneous,Miscellaneous
58,HN-1224,Hex Nut 7,Miscellaneous,Miscellaneous
59,HN-1420,Hex Nut 8,Miscellaneous,Miscellaneous
60,HN-1428,Hex Nut 9,Miscellaneous,Miscellaneous
61,HN-3410,Hex Nut 22,Miscellaneous,Miscellaneous
62,HN-3416,Hex Nut 23,Miscellaneous,Miscellaneous
63,HN-3816,Hex Nut 12,Miscellaneous,Miscellaneous
64,HN-3824,Hex Nut 13,Miscellaneous,Miscellaneous
65,HN-4402,Hex Nut 1,Miscellaneous,Miscellaneous
66,HN-5161,Hex Nut 10,Miscellaneous,Miscellaneous
67,HN-5162,Hex Nut 11,Miscellaneous,Miscellaneous
68,HN-5400,Hex Nut 2,Miscellaneous,Miscellaneous
69,HN-5811,Hex Nut 20,Miscellaneous,Miscellaneous
70,HN-5818,Hex Nut 21,Miscellaneous,Miscellaneous
71,HN-6320,Hex Nut 3,Miscellaneous,Miscellaneous
72,HN-7161,Hex Nut 14,Miscellaneous,Miscellaneous
73,HN-7162,Hex Nut 15,Miscellaneous,Miscellaneous
74,HN-8320,Hex Nut 4,Miscellaneous,Miscellaneous
75,HN-9161,Hex Nut 18,Miscellaneous,Miscellaneous
76,HN-9168,Hex Nut 19,Miscellaneous,Miscellaneous
77,HT-2981,Handlebar Tube,Miscellaneous,Miscellaneous
78,HT-8019,Head Tube,Miscellaneous,Miscellaneous
79,HU-6280,LL Hub,Miscellaneous,Miscellaneous
80,HU-8998,HL Hub,Miscellaneous,Miscellaneous
81,KW-4091,Keyed Washer,Miscellaneous,Miscellaneous
82,LE-1000,External Lock Washer 3,Miscellaneous,Miscellaneous
83,LE-1200,External Lock Washer 4,Miscellaneous,Miscellaneous
84,LE-1201,External Lock Washer 9,Miscellaneous,Miscellaneous
85,LE-1400,External Lock Washer 5,Miscellaneous,Miscellaneous
86,LE-3800,External Lock Washer 7,Miscellaneous,Miscellaneous
87,LE-5160,External Lock Washer 6,Miscellaneous,Miscellaneous
88,LE-6000,External Lock Washer 1,Miscellaneous,Miscellaneous
89,LE-7160,External Lock Washer 8,Miscellaneous,Miscellaneous
90,LE-8000,External Lock Washer 2,Miscellaneous,Miscellaneous
91,LI-1000,Internal Lock Washer 3,Miscellaneous,Miscellaneous
92,LI-1200,Internal Lock Washer 4,Miscellaneous,Miscellaneous
93,LI-1201,Internal Lock Washer 9,Miscellaneous,Miscellaneous
94,LI-1400,Internal Lock Washer 5,Miscellaneous,Miscellaneous
95,LI-3800,Internal Lock Washer 7,Miscellaneous,Miscellaneous
96,LI-5160,Internal Lock Washer 6,Miscellaneous,Miscellaneous
97,LI-5800,Internal Lock Washer 10,Miscellaneous,Miscellaneous
98,LI-6000,Internal Lock Washer 1,Miscellaneous,Miscellaneous
99,LI-7160,Internal Lock Washer 8,Miscellaneous,Miscellaneous
100,LI-8000,Internal Lock Washer 2,Miscellaneous,Miscellaneous
101,LJ-1213,Thin-Jam Lock Nut 9,Miscellaneous,Miscellaneous
102,LJ-1220,Thin-Jam Lock Nut 10,Miscellaneous,Miscellaneous
103,LJ-1420,Thin-Jam Lock Nut 1,Miscellaneous,Miscellaneous
104,LJ-1428,Thin-Jam Lock Nut 2,Miscellaneous,Miscellaneous
105,LJ-3410,Thin-Jam Lock Nut 15,Miscellaneous,Miscellaneous
106,LJ-3416,Thin-Jam Lock Nut 16,Miscellaneous,Miscellaneous
107,LJ-3816,Thin-Jam Lock Nut 5,Miscellaneous,Miscellaneous
108,LJ-3824,Thin-Jam Lock Nut 6,Miscellaneous,Miscellaneous
109,LJ-5161,Thin-Jam Lock Nut 3,Miscellaneous,Miscellaneous
110,LJ-5162,Thin-Jam Lock Nut 4,Miscellaneous,Miscellaneous
111,LJ-5811,Thin-Jam Lock Nut 13,Miscellaneous,Miscellaneous
112,LJ-5818,Thin-Jam Lock Nut 14,Miscellaneous,Miscellaneous
113,LJ-7161,Thin-Jam Lock Nut 7,Miscellaneous,Miscellaneous
114,LJ-7162,Thin-Jam Lock Nut 8,Miscellaneous,Miscellaneous
115,LJ-9080,Thin-Jam Lock Nut 12,Miscellaneous,Miscellaneous
116,LJ-9161,Thin-Jam Lock Nut 11,Miscellaneous,Miscellaneous
117,LN-1024,Lock Nut 5,Miscellaneous,Miscellaneous
118,LN-1032,Lock Nut 6,Miscellaneous,Miscellaneous
119,LN-1213,Lock Nut 16,Miscellaneous,Miscellaneous
120,LN-1220,Lock Nut 17,Miscellaneous,Miscellaneous
121,LN-1224,Lock Nut 7,Miscellaneous,Miscellaneous
122,LN-1420,Lock Nut 8,Miscellaneous,Miscellaneous
123,LN-1428,Lock Nut 9,Miscellaneous,Miscellaneous
124,LN-3410,Lock Nut 22,Miscellaneous,Miscellaneous
125,LN-3416,Lock Nut 23,Miscellaneous,Miscellaneous
126,LN-3816,Lock Nut 12,Miscellaneous,Miscellaneous
127,LN-3824,Lock Nut 13,Miscellaneous,Miscellaneous
128,LN-4400,Lock Nut 1,Miscellaneous,Miscellaneous
129,LN-5161,Lock Nut 10,Miscellaneous,Miscellaneous
130,LN-5162,Lock Nut 11,Miscellaneous,Miscellaneous
131,LN-5400,Lock Nut 2,Miscellaneous,Miscellaneous
132,LN-5811,Lock Nut 20,Miscellaneous,Miscellaneous
133,LN-5818,Lock Nut 21,Miscellaneous,Miscellaneous
134,LN-6320,Lock Nut 3,Miscellaneous,Miscellaneous
135,LN-7161,Lock Nut 14,Miscellaneous,Miscellaneous
136,LN-7162,Lock Nut 15,Miscellaneous,Miscellaneous
137,LN-8320,Lock Nut 4,Miscellaneous,Miscellaneous
138,LN-9080,Lock Nut 19,Miscellaneous,Miscellaneous
139,LN-9161,Lock Nut 18,Miscellaneous,Miscellaneous
140,LR-2398,Lock Ring,Miscellaneous,Miscellaneous
141,LR-8520,Lower Head Race,Miscellaneous,Miscellaneous
142,LW-1000,Lock Washer 4,Miscellaneous,Miscellaneous
143,LW-1200,Lock Washer 5,Miscellaneous,Miscellaneous
144,LW-1201,Lock Washer 10,Miscellaneous,Miscellaneous
145,LW-1400,Lock Washer 6,Miscellaneous,Miscellaneous
146,LW-3400,Lock Washer 13,Miscellaneous,Miscellaneous
147,LW-3800,Lock Washer 8,Miscellaneous,Miscellaneous
148,LW-4000,Lock Washer 1,Miscellaneous,Miscellaneous
149,LW-5160,Lock Washer 7,Miscellaneous,Miscellaneous
150,LW-5800,Lock Washer 12,Miscellaneous,Miscellaneous
151,LW-6000,Lock Washer 2,Miscellaneous,Miscellaneous
152,LW-7160,Lock Washer 9,Miscellaneous,Miscellaneous
153,LW-8000,Lock Washer 3,Miscellaneous,Miscellaneous
154,LW-9160,Lock Washer 11,Miscellaneous,Miscellaneous
155,MA-7075,Metal Angle,Miscellaneous,Miscellaneous
156,MB-2024,Metal Bar 1,Miscellaneous,Miscellaneous
157,MB-6061,Metal Bar 2,Miscellaneous,Miscellaneous
158,MP-2066,Metal Plate 2,Miscellaneous,Miscellaneous
159,MP-2503,Metal Plate 1,Miscellaneous,Miscellaneous
160,MP-4960,Metal Plate 3,Miscellaneous,Miscellaneous
161,MS-0253,Metal Sheet 2,Miscellaneous,Miscellaneous
162,MS-1256,Metal Sheet 3,Miscellaneous,Miscellaneous
163,MS-1981,Metal Sheet 7,Miscellaneous,Miscellaneous
164,MS-2259,Metal Sheet 4,Miscellaneous,Miscellaneous
165,MS-2341,Metal Sheet 5,Miscellaneous,Miscellaneous
166,MS-2348,Metal Sheet 6,Miscellaneous,Miscellaneous
167,MS-6061,Metal Sheet 1,Miscellaneous,Miscellaneous
168,MT-1000,Metal Tread Plate,Miscellaneous,Miscellaneous
169,NI-4127,LL Nipple,Miscellaneous,Miscellaneous
170,NI-9522,HL Nipple,Miscellaneous,Miscellaneous
171,PA-187B,Paint - Black,Miscellaneous,Miscellaneous
172,PA-361R,Paint - Red,Miscellaneous,Miscellaneous
173,PA-529S,Paint - Silver,Miscellaneous,Miscellaneous
174,PA-632U,Paint - Blue,Miscellaneous,Miscellaneous
175,PA-823Y,Paint - Yellow,Miscellaneous,Miscellaneous
176,PB-6109,Pinch Bolt,Miscellaneous,Miscellaneous
177,RA-2345,Cup-Shaped Race,Miscellaneous,Miscellaneous
178,RA-7490,Cone-Shaped Race,Miscellaneous,Miscellaneous
179,RF-9198,Reflector,Miscellaneous,Miscellaneous
180,RM-M464,LL Mountain Rim,Miscellaneous,Miscellaneous
181,RM-M692,ML Mountain Rim,Miscellaneous,Miscellaneous
182,RM-M823,HL Mountain Rim,Miscellaneous,Miscellaneous
183,RM-R436,LL Road Rim,Miscellaneous,Miscellaneous
184,RM-R600,ML Road Rim,Miscellaneous,Miscellaneous
185,RM-R800,HL Road Rim,Miscellaneous,Miscellaneous
186,RM-T801,Touring Rim,Miscellaneous,Miscellaneous
187,SA-M198,LL Mountain Seat Assembly,Miscellaneous,Miscellaneous
188,SA-M237,ML Mountain Seat Assembly,Miscellaneous,Miscellaneous
189,SA-M687,HL Mountain Seat Assembly,Miscellaneous,Miscellaneous
190,SA-R127,LL Road Seat Assembly,Miscellaneous,Miscellaneous
191,SA-R430,ML Road Seat Assembly,Miscellaneous,Miscellaneous
192,SA-R522,HL Road Seat Assembly,Miscellaneous,Miscellaneous
193,SA-T467,LL Touring Seat Assembly,Miscellaneous,Miscellaneous
194,SA-T612,ML Touring Seat Assembly,Miscellaneous,Miscellaneous
195,SA-T872,HL Touring Seat Assembly,Miscellaneous,Miscellaneous
196,SD-2342,LL Spindle/Axle,Miscellaneous,Miscellaneous
197,SD-9872,HL Spindle/Axle,Miscellaneous,Miscellaneous
198,SH-4562,LL Shell,Miscellaneous,Miscellaneous
199,SH-9312,HL Shell,Miscellaneous,Miscellaneous
200,SK-9283,Spokes,Miscellaneous,Miscellaneous
201,SL-0931,Seat Lug,Miscellaneous,Miscellaneous
202,SM-9087,Stem,Miscellaneous,Miscellaneous
203,SP-2981,Seat Post,Miscellaneous,Miscellaneous
204,SR-2098,Steerer,Miscellaneous,Miscellaneous
205,SS-2985,Seat Stays,Miscellaneous,Miscellaneous
206,ST-9828,Seat Tube,Miscellaneous,Miscellaneous
207,TO-2301,Top Tube,Miscellaneous,Miscellaneous
208,TP-0923,Tension Pulley,Miscellaneous,Miscellaneous
209,RC-0291,Rear Derailleur Cage,Miscellaneous,Miscellaneous
210,FR-R92B-58,"HL Road Frame - Black, 58",Components,Road Frames
211,FR-R92R-58,"HL Road Frame - Red, 58",Components,Road Frames
212,HL-U509-R,"Sport-100 Helmet, Red",Accessories,Helmets
213,HL-U509-R,"Sport-100 Helmet, Red",Accessories,Helmets
214,HL-U509-R,"Sport-100 Helmet, Red",Accessories,Helmets
215,HL-U509,"Sport-100 Helmet, Black",Accessories,Helmets
216,HL-U509,"Sport-100 Helmet, Black",Accessories,Helmets
217,HL-U509,"Sport-100 Helmet, Black",Accessories,Helmets
218,SO-B909-M,"Mountain Bike Socks, M",Clothing,Socks
219,SO-B909-L,"Mountain Bike Socks, L",Clothing,Socks
220,HL-U509-B,"Sport-100 Helmet, Blue",Accessories,Helmets
221,HL-U509-B,"Sport-100 Helmet, Blue",Accessories,Helmets
222,HL-U509-B,"Sport-100 Helmet, Blue",Accessories,Helmets
223,CA-1098,AWC Logo Cap,Clothing,Caps
224,CA-1098,AWC Logo Cap,Clothing,Caps
225,CA-1098,AWC Logo Cap,Clothing,Caps
226,LJ-0192-S,"Long-Sleeve Logo Jersey, S",Clothing,Jerseys
227,LJ-0192-S,"Long-Sleeve Logo Jersey, S",Clothing,Jerseys
228,LJ-0192-S,"Long-Sleeve Logo Jersey, S",Clothing,Jerseys
229,LJ-0192-M,"Long-Sleeve Logo Jersey, M",Clothing,Jerseys
230,LJ-0192-M,"Long-Sleeve Logo Jersey, M",Clothing,Jerseys
231,LJ-0192-M,"Long-Sleeve Logo Jersey, M",Clothing,Jerseys
232,LJ-0192-L,"Long-Sleeve Logo Jersey, L",Clothing,Jerseys
233,LJ-0192-L,"Long-Sleeve Logo Jersey, L",Clothing,Jerseys
234,LJ-0192-L,"Long-Sleeve Logo Jersey, L",Clothing,Jerseys
235,LJ-0192-X,"Long-Sleeve Logo Jersey, XL",Clothing,Jerseys
236,LJ-0192-X,"Long-Sleeve Logo Jersey, XL",Clothing,Jerseys
237,LJ-0192-X,"Long-Sleeve Logo Jersey, XL",Clothing,Jerseys
238,FR-R92R-62,"HL Road Frame - Red, 62",Components,Road Frames
239,FR-R92R-62,"HL Road Frame - Red, 62",Components,Road Frames
240,FR-R92R-62,"HL Road Frame - Red, 62",Components,Road Frames
241,FR-R92R-44,"HL Road Frame - Red, 44",Components,Road Frames
242,FR-R92R-44,"HL Road Frame - Red, 44",Components,Road Frames
243,FR-R92R-44,"HL Road Frame - Red, 44",Components,Road Frames
244,FR-R92R-48,"HL Road Frame - Red, 48",Components,Road Frames
245,FR-R92R-48,"HL Road Frame - Red, 48",Components,Road Frames
246,FR-R92R-48,"HL Road Frame - Red, 48",Components,Road Frames
247,FR-R92R-52,"HL Road Frame - Red, 52",Components,Road Frames
248,FR-R92R-52,"HL Road Frame - Red, 52",Components,Road Frames
249,FR-R92R-52,"HL Road Frame - Red, 52",Components,Road Frames
250,FR-R92R-56,"HL Road Frame - Red, 56",Components,Road Frames
251,FR-R92R-56,"HL Road Frame - Red, 56",Components,Road Frames
252,FR-R92R-56,"HL Road Frame - Red, 56",Components,Road Frames
253,FR-R38B-58,"LL Road Frame - Black, 58",Components,Road Frames
254,FR-R38B-58,"LL Road Frame - Black, 58",Components,Road Frames
255,FR-R38B-58,"LL Road Frame - Black, 58",Components,Road Frames
256,FR-R38B-60,"LL Road Frame - Black, 60",Components,Road Frames
257,FR-R38B-60,"LL Road Frame - Black, 60",Components,Road Frames
258,FR-R38B-60,"LL Road Frame - Black, 60",Components,Road Frames
259,FR-R38B-62,"LL Road Frame - Black, 62",Components,Road Frames
260,FR-R38B-62,"LL Road Frame - Black, 62",Components,Road Frames
261,FR-R38B-62,"LL Road Frame - Black, 62",Components,Road Frames
262,FR-R38R-44,"LL Road Frame - Red, 44",Components,Road Frames
263,FR-R38R-44,"LL Road Frame - Red, 44",Components,Road Frames
264,FR-R38R-48,"LL Road Frame - Red, 48",Components,Road Frames
265,FR-R38R-48,"LL Road Frame - Red, 48",Components,Road Frames
266,FR-R38R-52,"LL Road Frame - Red, 52",Components,Road Frames
267,FR-R38R-52,"LL Road Frame - Red, 52",Components,Road Frames
268,FR-R38R-58,"LL Road Frame - Red, 58",Components,Road Frames
269,FR-R38R-58,"LL Road Frame - Red, 58",Components,Road Frames
270,FR-R38R-60,"LL Road Frame - Red, 60",Components,Road Frames
271,FR-R38R-60,"LL Road Frame - Red, 60",Components,Road Frames
272,FR-R38R-62,"LL Road Frame - Red, 62",Components,Road Frames
273,FR-R38R-62,"LL Road Frame - Red, 62",Components,Road Frames
274,FR-R72R-44,"ML Road Frame - Red, 44",Components,Road Frames
275,FR-R72R-48,"ML Road Frame - Red, 48",Components,Road Frames
276,FR-R72R-52,"ML Road Frame - Red, 52",Components,Road Frames
277,FR-R72R-58,"ML Road Frame - Red, 58",Components,Road Frames
278,FR-R72R-60,"ML Road Frame - Red, 60",Components,Road Frames
279,FR-R38B-44,"LL Road Frame - Black, 44",Components,Road Frames
280,FR-R38B-44,"LL Road Frame - Black, 44",Components,Road Frames
281,FR-R38B-44,"LL Road Frame - Black, 44",Components,Road Frames
282,FR-R38B-48,"LL Road Frame - Black, 48",Components,Road Frames
283,FR-R38B-48,"LL Road Frame - Black, 48",Components,Road Frames
284,FR-R38B-48,"LL Road Frame - Black, 48",Components,Road Frames
285,FR-R38B-52,"LL Road Frame - Black, 52",Components,Road Frames
286,FR-R38B-52,"LL Road Frame - Black, 52",Components,Road Frames
287,FR-R38B-52,"LL Road Frame - Black, 52",Components,Road Frames
288,FR-M94S-42,"HL Mountain Frame - Silver, 42",Components,Mountain Frames
289,FR-M94S-42,"HL Mountain Frame - Silver, 42",Components,Mountain Frames
290,FR-M94S-42,"HL Mountain Frame - Silver, 42",Components,Mountain Frames
291,FR-M94S-44,"HL Mountain Frame - Silver, 44",Components,Mountain Frames
292,FR-M94S-52,"HL Mountain Frame - Silver, 48",Components,Mountain Frames
293,FR-M94S-46,"HL Mountain Frame - Silver, 46",Components,Mountain Frames
294,FR-M94S-46,"HL Mountain Frame - Silver, 46",Components,Mountain Frames
295,FR-M94S-46,"HL Mountain Frame - Silver, 46",Components,Mountain Frames
296,FR-M94B-42,"HL Mountain Frame - Black, 42",Components,Mountain Frames
297,FR-M94B-42,"HL Mountain Frame - Black, 42",Components,Mountain Frames
298,FR-M94B-42,"HL Mountain Frame - Black, 42",Components,Mountain Frames
299,FR-M94B-44,"HL Mountain Frame - Black, 44",Components,Mountain Frames
300,FR-M94B-48,"HL Mountain Frame - Black, 48",Components,Mountain Frames
301,FR-M94B-46,"HL Mountain Frame - Black, 46",Components,Mountain Frames
302,FR-M94B-46,"HL Mountain Frame - Black, 46",Components,Mountain Frames
303,FR-M94B-46,"HL Mountain Frame - Black, 46",Components,Mountain Frames
304,FR-M94B-38,"HL Mountain Frame - Black, 38",Components,Mountain Frames
305,FR-M94B-38,"HL Mountain Frame - Black, 38",Components,Mountain Frames
306,FR-M94B-38,"HL Mountain Frame - Black, 38",Components,Mountain Frames
307,FR-M94S-38,"HL Mountain Frame - Silver, 38",Components,Mountain Frames
308,FR-M94S-38,"HL Mountain Frame - Silver, 38",Components,Mountain Frames
309,FR-M94S-38,"HL Mountain Frame - Silver, 38",Components,Mountain Frames
310,BK-R93R-62,"Road-150 Red, 62",Bikes,Road Bikes
311,BK-R93R-44,"Road-150 Red, 44",Bikes,Road Bikes
312,BK-R93R-48,"Road-150 Red, 48",Bikes,Road Bikes
313,BK-R93R-52,"Road-150 Red, 52",Bikes,Road Bikes
314,BK-R93R-56,"Road-150 Red, 56",Bikes,Road Bikes
315,BK-R68R-58,"Road-450 Red, 58",Bikes,Road Bikes
316,BK-R68R-60,"Road-450 Red, 60",Bikes,Road Bikes
317,BK-R68R-44,"Road-450 Red, 44",Bikes,Road Bikes
318,BK-R68R-48,"Road-450 Red, 48",Bikes,Road Bikes
319,BK-R68R-52,"Road-450 Red, 52",Bikes,Road Bikes
320,BK-R50R-58,"Road-650 Red, 58",Bikes,Road Bikes
321,BK-R50R-58,"Road-650 Red, 58",Bikes,Road Bikes
322,BK-R50R-60,"Road-650 Red, 60",Bikes,Road Bikes
323,BK-R50R-60,"Road-650 Red, 60",Bikes,Road Bikes
324,BK-R50R-62,"Road-650 Red, 62",Bikes,Road Bikes
325,BK-R50R-62,"Road-650 Red, 62",Bikes,Road Bikes
326,BK-R50R-44,"Road-650 Red, 44",Bikes,Road Bikes
327,BK-R50R-44,"Road-650 Red, 44",Bikes,Road Bikes
328,BK-R50R-48,"Road-650 Red, 48",Bikes,Road Bikes
329,BK-R50R-48,"Road-650 Red, 48",Bikes,Road Bikes
330,BK-R50R-52,"Road-650 Red, 52",Bikes,Road Bikes
331,BK-R50R-52,"Road-650 Red, 52",Bikes,Road Bikes
332,BK-R50B-58,"Road-650 Black, 58",Bikes,Road Bikes
333,BK-R50B-58,"Road-650 Black, 58",Bikes,Road Bikes
334,BK-R50B-60,"Road-650 Black, 60",Bikes,Road Bikes
335,BK-R50B-60,"Road-650 Black, 60",Bikes,Road Bikes
336,BK-R50B-62,"Road-650 Black, 62",Bikes,Road Bikes
337,BK-R50B-62,"Road-650 Black, 62",Bikes,Road Bikes
338,BK-R50B-44,"Road-650 Black, 44",Bikes,Road Bikes
339,BK-R50B-44,"Road-650 Black, 44",Bikes,Road Bikes
340,BK-R50B-48,"Road-650 Black, 48",Bikes,Road Bikes
341,BK-R50B-48,"Road-650 Black, 48",Bikes,Road Bikes
342,BK-R50B-52,"Road-650 Black, 52",Bikes,Road Bikes
343,BK-R50B-52,"Road-650 Black, 52",Bikes,Road Bikes
344,BK-M82S-38,"Mountain-100 Silver, 38",Bikes,Mountain Bikes
345,BK-M82S-42,"Mountain-100 Silver, 42",Bikes,Mountain Bikes
346,BK-M82S-44,"Mountain-100 Silver, 44",Bikes,Mountain Bikes
347,BK-M82S-48,"Mountain-100 Silver, 48",Bikes,Mountain Bikes
348,BK-M82B-38,"Mountain-100 Black, 38",Bikes,Mountain Bikes
349,BK-M82B-42,"Mountain-100 Black, 42",Bikes,Mountain Bikes
350,BK-M82B-44,"Mountain-100 Black, 44",Bikes,Mountain Bikes
351,BK-M82B-48,"Mountain-100 Black, 48",Bikes,Mountain Bikes
352,BK-M68S-38,"Mountain-200 Silver, 38",Bikes,Mountain Bikes
353,BK-M68S-38,"Mountain-200 Silver, 38",Bikes,Mountain Bikes
354,BK-M68S-42,"Mountain-200 Silver, 42",Bikes,Mountain Bikes
355,BK-M68S-42,"Mountain-200 Silver, 42",Bikes,Mountain Bikes
356,BK-M68S-46,"Mountain-200 Silver, 46",Bikes,Mountain Bikes
357,BK-M68S-46,"Mountain-200 Silver, 46",Bikes,Mountain Bikes
358,BK-M68B-38,"Mountain-200 Black, 38",Bikes,Mountain Bikes
359,BK-M68B-38,"Mountain-200 Black, 38",Bikes,Mountain Bikes
360,BK-M68B-42,"Mountain-200 Black, 42",Bikes,Mountain Bikes
361,BK-M68B-42,"Mountain-200 Black, 42",Bikes,Mountain Bikes
362,BK-M68B-46,"Mountain-200 Black, 46",Bikes,Mountain Bikes
363,BK-M68B-46,"Mountain-200 Black, 46",Bikes,Mountain Bikes
364,BK-M47B-38,"Mountain-300 Black, 38",Bikes,Mountain Bikes
365,BK-M47B-40,"Mountain-300 Black, 40",Bikes,Mountain Bikes
366,BK-M47B-44,"Mountain-300 Black, 44",Bikes,Mountain Bikes
367,BK-M47B-48,"Mountain-300 Black, 48",Bikes,Mountain Bikes
368,BK-R89R-44,"Road-250 Red, 44",Bikes,Road Bikes
369,BK-R89R-48,"Road-250 Red, 48",Bikes,Road Bikes
370,BK-R89R-52,"Road-250 Red, 52",Bikes,Road Bikes
371,BK-R89R-58,"Road-250 Red, 58",Bikes,Road Bikes
372,BK-R89R-58,"Road-250 Red, 58",Bikes,Road Bikes
373,BK-R89B-44,"Road-250 Black, 44",Bikes,Road Bikes
374,BK-R89B-44,"Road-250 Black, 44",Bikes,Road Bikes
375,BK-R89B-48,"Road-250 Black, 48",Bikes,Road Bikes
376,BK-R89B-48,"Road-250 Black, 48",Bikes,Road Bikes
377,BK-R89B-52,"Road-250 Black, 52",Bikes,Road Bikes
378,BK-R89B-52,"Road-250 Black, 52",Bikes,Road Bikes
379,BK-R89B-58,"Road-250 Black, 58",Bikes,Road Bikes
380,BK-R89B-58,"Road-250 Black, 58",Bikes,Road Bikes
381,BK-R64Y-38,"Road-550-W Yellow, 38",Bikes,Road Bikes
382,BK-R64Y-38,"Road-550-W Yellow, 38",Bikes,Road Bikes
383,BK-R64Y-40,"Road-550-W Yellow, 40",Bikes,Road Bikes
384,BK-R64Y-40,"Road-550-W Yellow, 40",Bikes,Road Bikes
385,BK-R64Y-42,"Road-550-W Yellow, 42",Bikes,Road Bikes
386,BK-R64Y-42,"Road-550-W Yellow, 42",Bikes,Road Bikes
387,BK-R64Y-44,"Road-550-W Yellow, 44",Bikes,Road Bikes
388,BK-R64Y-44,"Road-550-W Yellow, 44",Bikes,Road Bikes
389,BK-R64Y-48,"Road-550-W Yellow, 48",Bikes,Road Bikes
390,BK-R64Y-48,"Road-550-W Yellow, 48",Bikes,Road Bikes
391,FK-1639,LL Fork,Components,Forks
392,FK-5136,ML Fork,Components,Forks
393,FK-9939,HL Fork,Components,Forks
394,HS-0296,LL Headset,Components,Headsets
395,HS-2451,ML Headset,Components,Headsets
396,HS-3479,HL Headset,Components,Headsets
397,HB-M243,LL Mountain Handlebars,Components,Handlebars
398,HB-M243,LL Mountain Handlebars,Components,Handlebars
399,HB-M763,ML Mountain Handlebars,Components,Handlebars
400,HB-M763,ML Mountain Handlebars,Components,Handlebars
401,HB-M918,HL Mountain Handlebars,Components,Handlebars
402,HB-M918,HL Mountain Handlebars,Components,Handlebars
403,HB-R504,LL Road Handlebars,Components,Handlebars
404,HB-R504,LL Road Handlebars,Components,Handlebars
405,HB-R720,ML Road Handlebars,Components,Handlebars
406,HB-R720,ML Road Handlebars,Components,Handlebars
407,HB-R956,HL Road Handlebars,Components,Handlebars
408,HB-R956,HL Road Handlebars,Components,Handlebars
409,FR-M63B-38,"ML Mountain Frame - Black, 38",Components,Mountain Frames
410,FW-M423,LL Mountain Front Wheel,Components,Wheels
411,FW-M762,ML Mountain Front Wheel,Components,Wheels
412,FW-M928,HL Mountain Front Wheel,Components,Wheels
413,FW-R623,LL Road Front Wheel,Components,Wheels
414,FW-R762,ML Road Front Wheel,Components,Wheels
415,FW-R820,HL Road Front Wheel,Components,Wheels
416,FW-T905,Touring Front Wheel,Components,Wheels
417,FR-R72Y-38,"ML Road Frame-W - Yellow, 38",Components,Road Frames
418,FR-R72Y-38,"ML Road Frame-W - Yellow, 38",Components,Road Frames
419,RW-M423,LL Mountain Rear Wheel,Components,Wheels
420,RW-M762,ML Mountain Rear Wheel,Components,Wheels
421,RW-M928,HL Mountain Rear Wheel,Components,Wheels
422,RW-R623,LL Road Rear Wheel,Components,Wheels
423,RW-R762,ML Road Rear Wheel,Components,Wheels
424,RW-R820,HL Road Rear Wheel,Components,Wheels
425,RW-T905,Touring Rear Wheel,Components,Wheels
426,FR-M63B-40,"ML Mountain Frame - Black, 40",Components,Mountain Frames
427,FR-M63B-44,"ML Mountain Frame - Black, 44",Components,Mountain Frames
428,FR-M63B-48,"ML Mountain Frame - Black, 48",Components,Mountain Frames
429,FR-R72Y-40,"ML Road Frame-W - Yellow, 40",Components,Road Frames
430,FR-R72Y-40,"ML Road Frame-W - Yellow, 40",Components,Road Frames
431,FR-R72Y-42,"ML Road Frame-W - Yellow, 42",Components,Road Frames
432,FR-R72Y-42,"ML Road Frame-W - Yellow, 42",Components,Road Frames
433,FR-R72Y-44,"ML Road Frame-W - Yellow, 44",Components,Road Frames
434,FR-R72Y-44,"ML Road Frame-W - Yellow, 44",Components,Road Frames
435,FR-R72Y-48,"ML Road Frame-W - Yellow, 48",Components,Road Frames
436,FR-R72Y-48,"ML Road Frame-W - Yellow, 48",Components,Road Frames
437,FR-R92B-62,"HL Road Frame - Black, 62",Components,Road Frames
438,FR-R92B-62,"HL Road Frame - Black, 62",Components,Road Frames
439,FR-R92B-44,"HL Road Frame - Black, 44",Components,Road Frames
440,FR-R92B-44,"HL Road Frame - Black, 44",Components,Road Frames
441,FR-R92B-48,"HL Road Frame - Black, 48",Components,Road Frames
442,FR-R92B-48,"HL Road Frame - Black, 48",Components,Road Frames
443,FR-R92B-52,"HL Road Frame - Black, 52",Components,Road Frames
444,FR-R92B-52,"HL Road Frame - Black, 52",Components,Road Frames
445,SH-M897-S,"Men's Sports Shorts, S",Clothing,Shorts
446,PA-T100,"Touring-Panniers, Large",Accessories,Panniers
447,LO-C100,Cable Lock,Accessories,Locks
448,PU-0452,Minipump,Accessories,Pumps
449,PU-M044,Mountain Pump,Accessories,Pumps
450,LT-T990,Taillights - Battery-Powered,Accessories,Lights
451,LT-H902,Headlights - Dual-Beam,Accessories,Lights
452,LT-H903,Headlights - Weatherproof,Accessories,Lights
453,SH-M897-M,"Men's Sports Shorts, M",Clothing,Shorts
454,SH-M897-L,"Men's Sports Shorts, L",Clothing,Shorts
455,SH-M897-X,"Men's Sports Shorts, XL",Clothing,Shorts
456,TG-W091-S,"Women's Tights, S",Clothing,Tights
457,TG-W091-M,"Women's Tights, M",Clothing,Tights
458,TG-W091-L,"Women's Tights, L",Clothing,Tights
459,SB-M891-S,"Men's Bib-Shorts, S",Clothing,Bib-Shorts
460,SB-M891-M,"Men's Bib-Shorts, M",Clothing,Bib-Shorts
461,SB-M891-L,"Men's Bib-Shorts, L",Clothing,Bib-Shorts
462,GL-H102-S,"Half-Finger Gloves, S",Clothing,Gloves
463,GL-H102-S,"Half-Finger Gloves, S",Clothing,Gloves
464,GL-H102-M,"Half-Finger Gloves, M",Clothing,Gloves
465,GL-H102-M,"Half-Finger Gloves, M",Clothing,Gloves
466,GL-H102-L,"Half-Finger Gloves, L",Clothing,Gloves
467,GL-H102-L,"Half-Finger Gloves, L",Clothing,Gloves
468,GL-F110-S,"Full-Finger Gloves, S",Clothing,Gloves
469,GL-F110-M,"Full-Finger Gloves, M",Clothing,Gloves
470,GL-F110-L,"Full-Finger Gloves, L",Clothing,Gloves
471,VE-C304-S,"Classic Vest, S",Clothing,Vests
472,VE-C304-M,"Classic Vest, M",Clothing,Vests
473,VE-C304-L,"Classic Vest, L",Clothing,Vests
474,SH-W890-S,"Women's Mountain Shorts, S",Clothing,Shorts
475,SH-W890-M,"Women's Mountain Shorts, M",Clothing,Shorts
476,SH-W890-L,"Women's Mountain Shorts, L",Clothing,Shorts
477,WB-H098,Water Bottle - 30 oz.,Accessories,Bottles and Cages
478,BC-M005,Mountain Bottle Cage,Accessories,Bottles and Cages
479,BC-R205,Road Bottle Cage,Accessories,Bottles and Cages
480,PK-7098,Patch Kit/8 Patches,Accessories,Tires and Tubes
481,SO-R809-M,"Racing Socks, M",Clothing,Socks
482,SO-R809-L,"Racing Socks, L",Clothing,Socks
483,RA-H123,Hitch Rack - 4-Bike,Accessories,Bike Racks
484,CL-9009,Bike Wash - Dissolver,Accessories,Cleaners
485,FE-6654,Fender Set - Mountain,Accessories,Fenders
486,ST-1401,All-Purpose Bike Stand,Accessories,Bike Stands
487,HY-1023-70,Hydration Pack - 70 oz.,Accessories,Hydration Packs
488,SJ-0194-S,"Short-Sleeve Classic Jersey, S",Clothing,Jerseys
489,SJ-0194-M,"Short-Sleeve Classic Jersey, M",Clothing,Jerseys
490,SJ-0194-L,"Short-Sleeve Classic Jersey, L",Clothing,Jerseys
491,SJ-0194-X,"Short-Sleeve Classic Jersey, XL",Clothing,Jerseys
492,FR-T98Y-60,"HL Touring Frame - Yellow, 60",Components,Touring Frames
493,FR-T67Y-62,"LL Touring Frame - Yellow, 62",Components,Touring Frames
494,FR-T98Y-46,"HL Touring Frame - Yellow, 46",Components,Touring Frames
495,FR-T98Y-50,"HL Touring Frame - Yellow, 50",Components,Touring Frames
496,FR-T98Y-54,"HL Touring Frame - Yellow, 54",Components,Touring Frames
497,FR-T98U-46,"HL Touring Frame - Blue, 46",Components,Touring Frames
498,FR-T98U-50,"HL Touring Frame - Blue, 50",Components,Touring Frames
499,FR-T98U-54,"HL Touring Frame - Blue, 54",Components,Touring Frames
500,FR-T98U-60,"HL Touring Frame - Blue, 60",Components,Touring Frames
501,RD-2308,Rear Derailleur,Components,Derailleurs
502,FR-T67U-50,"LL Touring Frame - Blue, 50",Components,Touring Frames
503,FR-T67U-54,"LL Touring Frame - Blue, 54",Components,Touring Frames
504,FR-T67U-58,"LL Touring Frame - Blue, 58",Components,Touring Frames
505,FR-T67U-62,"LL Touring Frame - Blue, 62",Components,Touring Frames
506,FR-T67Y-44,"LL Touring Frame - Yellow, 44",Components,Touring Frames
507,FR-T67Y-50,"LL Touring Frame - Yellow, 50",Components,Touring Frames
508,FR-T67Y-54,"LL Touring Frame - Yellow, 54",Components,Touring Frames
509,FR-T67Y-58,"LL Touring Frame - Yellow, 58",Components,Touring Frames
510,FR-T67U-44,"LL Touring Frame - Blue, 44",Components,Touring Frames
511,FR-M63S-40,"ML Mountain Frame-W - Silver, 40",Components,Mountain Frames
512,FR-M63S-42,"ML Mountain Frame-W - Silver, 42",Components,Mountain Frames
513,FR-M63S-46,"ML Mountain Frame-W - Silver, 46",Components,Mountain Frames
514,RB-9231,Rear Brakes,Components,Brakes
515,SE-M236,LL Mountain Seat/Saddle,Components,Saddles
516,SE-M798,ML Mountain Seat/Saddle,Components,Saddles
517,SE-M940,HL Mountain Seat/Saddle,Components,Saddles
518,SE-R581,LL Road Seat/Saddle,Components,Saddles
519,SE-R908,ML Road Seat/Saddle,Components,Saddles
520,SE-R995,HL Road Seat/Saddle,Components,Saddles
521,SE-T312,LL Touring Seat/Saddle,Components,Saddles
522,SE-T762,ML Touring Seat/Saddle,Components,Saddles
523,SE-T924,HL Touring Seat/Saddle,Components,Saddles
524,FR-M21S-42,"LL Mountain Frame - Silver, 42",Components,Mountain Frames
525,FR-M21S-44,"LL Mountain Frame - Silver, 44",Components,Mountain Frames
526,FR-M21S-48,"LL Mountain Frame - Silver, 48",Components,Mountain Frames
527,FR-M21S-52,"LL Mountain Frame - Silver, 52",Components,Mountain Frames
528,TT-M928,Mountain Tire Tube,Accessories,Tires and Tubes
529,TT-R982,Road Tire Tube,Accessories,Tires and Tubes
530,TT-T092,Touring Tire Tube,Accessories,Tires and Tubes
531,FR-M21B-42,"LL Mountain Frame - Black, 42",Components,Mountain Frames
532,FR-M21B-44,"LL Mountain Frame - Black, 44",Components,Mountain Frames
533,FR-M21B-48,"LL Mountain Frame - Black, 48",Components,Mountain Frames
534,FR-M21B-52,"LL Mountain Frame - Black, 52",Components,Mountain Frames
535,TI-M267,LL Mountain Tire,Accessories,Tires and Tubes
536,TI-M602,ML Mountain Tire,Accessories,Tires and Tubes
537,TI-M823,HL Mountain Tire,Accessories,Tires and Tubes
538,TI-R092,LL Road Tire,Accessories,Tires and Tubes
539,TI-R628,ML Road Tire,Accessories,Tires and Tubes
540,TI-R982,HL Road Tire,Accessories,Tires and Tubes
541,TI-T723,Touring Tire,Accessories,Tires and Tubes
542,PD-M282,LL Mountain Pedal,Components,Pedals
543,PD-M340,ML Mountain Pedal,Components,Pedals
544,PD-M562,HL Mountain Pedal,Components,Pedals
545,PD-R347,LL Road Pedal,Components,Pedals
546,PD-R563,ML Road Pedal,Components,Pedals
547,PD-R853,HL Road Pedal,Components,Pedals
548,PD-T852,Touring Pedal,Components,Pedals
549,FR-M63S-38,"ML Mountain Frame-W - Silver, 38",Components,Mountain Frames
550,FR-M21B-40,"LL Mountain Frame - Black, 40",Components,Mountain Frames
551,FR-M21S-40,"LL Mountain Frame - Silver, 40",Components,Mountain Frames
552,FD-2342,Front Derailleur,Components,Derailleurs
553,HB-T721,LL Touring Handlebars,Components,Handlebars
554,HB-T928,HL Touring Handlebars,Components,Handlebars
555,FB-9873,Front Brakes,Components,Brakes
556,CS-4759,LL Crankset,Components,Cranksets
557,CS-6583,ML Crankset,Components,Cranksets
558,CS-9183,HL Crankset,Components,Cranksets
559,CH-0234,Chain,Components,Chains
560,BK-T44U-60,"Touring-2000 Blue, 60",Bikes,Touring Bikes
561,BK-T79Y-46,"Touring-1000 Yellow, 46",Bikes,Touring Bikes
562,BK-T79Y-50,"Touring-1000 Yellow, 50",Bikes,Touring Bikes
563,BK-T79Y-54,"Touring-1000 Yellow, 54",Bikes,Touring Bikes
564,BK-T79Y-60,"Touring-1000 Yellow, 60",Bikes,Touring Bikes
565,BK-T18U-54,"Touring-3000 Blue, 54",Bikes,Touring Bikes
566,BK-T18U-58,"Touring-3000 Blue, 58",Bikes,Touring Bikes
567,BK-T18U-62,"Touring-3000 Blue, 62",Bikes,Touring Bikes
568,BK-T18Y-44,"Touring-3000 Yellow, 44",Bikes,Touring Bikes
569,BK-T18Y-50,"Touring-3000 Yellow, 50",Bikes,Touring Bikes
570,BK-T18Y-54,"Touring-3000 Yellow, 54",Bikes,Touring Bikes
571,BK-T18Y-58,"Touring-3000 Yellow, 58",Bikes,Touring Bikes
572,BK-T18Y-62,"Touring-3000 Yellow, 62",Bikes,Touring Bikes
573,BK-T79U-46,"Touring-1000 Blue, 46",Bikes,Touring Bikes
574,BK-T79U-50,"Touring-1000 Blue, 50",Bikes,Touring Bikes
575,BK-T79U-54,"Touring-1000 Blue, 54",Bikes,Touring Bikes
576,BK-T79U-60,"Touring-1000 Blue, 60",Bikes,Touring Bikes
577,BK-T44U-46,"Touring-2000 Blue, 46",Bikes,Touring Bikes
578,BK-T44U-50,"Touring-2000 Blue, 50",Bikes,Touring Bikes
579,BK-T44U-54,"Touring-2000 Blue, 54",Bikes,Touring Bikes
580,BK-R79Y-40,"Road-350-W Yellow, 40",Bikes,Road Bikes
581,BK-R79Y-42,"Road-350-W Yellow, 42",Bikes,Road Bikes
582,BK-R79Y-44,"Road-350-W Yellow, 44",Bikes,Road Bikes
583,BK-R79Y-48,"Road-350-W Yellow, 48",Bikes,Road Bikes
584,BK-R19B-58,"Road-750 Black, 58",Bikes,Road Bikes
585,BK-T18U-44,"Touring-3000 Blue, 44",Bikes,Touring Bikes
586,BK-T18U-50,"Touring-3000 Blue, 50",Bikes,Touring Bikes
587,BK-M38S-38,"Mountain-400-W Silver, 38",Bikes,Mountain Bikes
588,BK-M38S-40,"Mountain-400-W Silver, 40",Bikes,Mountain Bikes
589,BK-M38S-42,"Mountain-400-W Silver, 42",Bikes,Mountain Bikes
590,BK-M38S-46,"Mountain-400-W Silver, 46",Bikes,Mountain Bikes
591,BK-M18S-40,"Mountain-500 Silver, 40",Bikes,Mountain Bikes
592,BK-M18S-42,"Mountain-500 Silver, 42",Bikes,Mountain Bikes
593,BK-M18S-44,"Mountain-500 Silver, 44",Bikes,Mountain Bikes
594,BK-M18S-48,"Mountain-500 Silver, 48",Bikes,Mountain Bikes
595,BK-M18S-52,"Mountain-500 Silver, 52",Bikes,Mountain Bikes
596,BK-M18B-40,"Mountain-500 Black, 40",Bikes,Mountain Bikes
597,BK-M18B-42,"Mountain-500 Black, 42",Bikes,Mountain Bikes
598,BK-M18B-44,"Mountain-500 Black, 44",Bikes,Mountain Bikes
599,BK-M18B-48,"Mountain-500 Black, 48",Bikes,Mountain Bikes
600,BK-M18B-52,"Mountain-500 Black, 52",Bikes,Mountain Bikes
601,BB-7421,LL Bottom Bracket,Components,Bottom Brackets
602,BB-8107,ML Bottom Bracket,Components,Bottom Brackets
603,BB-9108,HL Bottom Bracket,Components,Bottom Brackets
604,BK-R19B-44,"Road-750 Black, 44",Bikes,Road Bikes
605,BK-R19B-48,"Road-750 Black, 48",Bikes,Road Bikes
606,BK-R19B-52,"Road-750 Black, 52",Bikes,Road Bikes
